Id,ORGANIZATION,NAME,GENDER,SPECIALITY,ADDRESS,CITY,STATE,ZIP,LAT,LON,ENCOUNTERS,PROCEDURES
9668f88e-bcd6-3fd5-a474-8cea69661786,74ab949d-17ac-3309-83a0-13b4405c66aa,Ted955 Reilly981,M,GENERAL PRACTICE,881 Main Street,Fitchburg,MA,01420,42.586487,-71.80521,198,0
1aadfe4c-d5a0-3a64-a76a-0472632a433b,17a4bae5-8b64-34d7-8144-b428be027bd0,Lindsay928 Ward668,M,GENERAL PRACTICE,512 MAIN STREET  SUITE 211,SHREWSBURY,MA,015456406,42.295109499999995,-71.71808471110307,10,0
1392806e-a617-36e3-870f-a0db0a763e7e,e09d4c49-c2ef-3b0f-9a46-3719d9219306,Ronald408 Emard19,F,GENERAL PRACTICE,60 HOSPITAL RD,LEOMINSTER,MA,014533290,42.54031915,-71.76312990486304,290,0
9d555ed2-046a-3d97-a0ca-12f5a962d967,77645e49-3f69-3d1d-bb93-dc65210e2fac,Vella930 Ankunding277,F,GENERAL PRACTICE,363 HIGHLAND AVE,FALL RIVER,MA,027205246,41.7093779,-71.1460783680883,5,0
49d40521-e683-371f-af62-592ec063a38e,d2284f74-b6da-3a15-9791-84cdf2db18fb,Donnell534 Mosciski958,M,GENERAL PRACTICE,331 E FALMOUTH HWY,E FALMOUTH,MA,025366039,41.57853245,-70.5617374807812,69,0
b5595f85-7a5a-3391-b114-89a0036b0c24,ab701a70-a658-340e-8f69-ee196a7d40c6,Jolie499 Parisian75,F,GENERAL PRACTICE,484 RTE 134,WORCESTER,MA,016071728,42.2625621,-71.8018877,20,0
f9e4b3eb-35f6-341e-a5f3-b881e42a98f6,11ba6a26-59b4-3728-a268-6dc9929962b4,Angelic427 McCullough561,F,GENERAL PRACTICE,200 GOVERNORS AVENUE,MEDFORD,MA,021551644,42.42711615,-71.1121606632448,8,0
093e4e20-2343-3904-ac9c-1e866cf75fe0,8a2e2731-3240-39d1-b4f0-cad14200937d,Carter549 Ritchie586,M,GENERAL PRACTICE,88 WASHINGTON ST,TAUNTON,MA,027802465,41.9062805,-71.09518121351795,37,0
e11162dd-559e-3602-841d-99ac3c13c8bf,bd6cec50-10de-3696-940b-4022618764ab,Lynn917 Graham902,F,GENERAL PRACTICE,40 MARTIN ST,MELROSE,MA,021763607,42.457050550000005,-71.07494593157304,1,0
0c5ab691-e571-35bc-9009-8a9b752b3ec2,52ecddd8-42f6-35cc-88a5-cf474c02fb49,Cecil300 Fahey393,M,GENERAL PRACTICE,94 OBERY STREET,PLYMOUTH,MA,023602130,41.93725,-70.65503160208334,3,0
7628a48a-f55a-3993-99cc-94498cf94f2f,5fab4eec-522e-334a-a3e0-41605e009495,Lou594 Fadel536,M,GENERAL PRACTICE,485 FRANKLIN ST,FRAMINGHAM,MA,017026215,42.2901292,-71.42823088074331,2,0
5cd754d9-d1e9-3969-ba27-80ce6e3a4f16,667b46fe-0afa-3f70-a311-bbe3d52db050,Joshua658 Borer986,M,GENERAL PRACTICE,757 BOSTON POST RD,WORCESTER,MA,016071728,42.231371,-72.165386,2,0
3e34a222-f091-3acd-a8ae-7d1200db6794,a4af40b8-0ddb-34bb-ae4a-95a17e9ad6f3,Cristopher265 Heaney114,M,GENERAL PRACTICE,100 MYLES STANDISH BOULEVARD  SUITE 103,TAUNTON,MA,027807340,41.948930849999996,-71.14141318475193,2,0
4ac99558-ca7f-35d0-8504-5aaddfaf29a6,f945589f-88aa-366b-9e9d-2418d091112d,Azzie965 Ziemann98,F,GENERAL PRACTICE,105 ERDMAN WAY,LEOMINSTER,MA,014531805,42.54685255,-71.75737313871981,32,0
c75daab8-cfec-3ee9-a4c2-69163c3243fe,8e3ca57f-6f74-3d61-9803-ab1424290216,Concha418 Mann644,F,GENERAL PRACTICE,89 MORTON STREET,ANDOVER,MA,018102036,42.6551409,-71.12857340697036,2,0
59f3feb9-8184-3325-bfe1-0fee46ae21de,5fcff9db-16e4-3e56-aa78-abbc16338097,Margene509 Schamberger479,F,GENERAL PRACTICE,295 VARNUM AVE,WESTFORD,MA,018863513,42.5792583,-71.4378411,31,0
3a822ac5-f39a-3a99-9b0e-e9155f4319c9,fa09396a-2926-3b21-ad0c-9f6cabbce0eb,Brigitte394 Bartoletti50,F,GENERAL PRACTICE,1210 BOSTON PROVIDENCE TPKE,NORWOOD,MA,020625061,42.1714075,-71.1951186,5,0
e5a1494e-d989-3706-a2cf-6e8d7567f23c,84abfbd5-41c1-3df4-9b31-7ca93cb2309a,Sonia106 Ortiz186,F,GENERAL PRACTICE,85 HERRICK ST,BEVERLY,MA,019151790,42.56415055,-70.8751357650672,29,0
dbb2e20c-702d-300b-af99-56b7e99f22c1,1ddd51d1-7297-3c3b-bad5-98aecd5e4a79,Dinah304 Kub800,F,GENERAL PRACTICE,127 CAMBRIDGE STREET  SUTIE #2B,BURLINGTON,MA,018033735,42.50188325,-71.19559351572005,3,0
18776995-89a3-3171-b89f-62ef37139d87,c272e12f-e154-3fee-b05d-b7c0cab2657d,Shasta644 King743,F,GENERAL PRACTICE,800 WASHINGTON ST,NORWOOD,MA,020623487,42.1886973,-71.2005241,161,0
54e6c5ba-bc8a-325f-96d7-bf8778970736,0ddb0329-b59d-3187-874c-602c649249c8,Lynn917 Cassin499,F,GENERAL PRACTICE,115 W SILVER ST,WESTFIELD,MA,010853678,42.1178811,-72.75935246865802,195,0
7f065009-82ea-3ad2-9790-d99527ad6316,02c936e2-3aee-38b2-88a4-81f3689b7bb7,Royce974 Kohler843,F,GENERAL PRACTICE,120 FISHER AVENUE,BOSTON,MA,021203320,42.3276141,-71.1051603,2,0
22e13d0c-28ca-35b4-99d2-67d5e3754333,bb3d48eb-0c30-34f4-8950-790fc984741b,Denis399 Frami345,M,GENERAL PRACTICE,1601 WASHINGTON STREET,BOSTON,MA,021181951,42.3381394,-71.0748562,31,0
d63c6700-2021-335a-b1d6-890815c353fe,352fd476-d328-3a61-9f9b-d2c2fbb2a233,Annmarie79 Barton704,F,GENERAL PRACTICE,68 DEAN ST,TAUNTON,MA,027802713,41.904424750000004,-71.07901221565147,1,0
3e639a8f-04a6-3e0b-97b8-3ce0654a374e,ede4a423-6258-3ef5-b5ba-0fa6bb579563,Olinda137 Paucek755,F,GENERAL PRACTICE,326 NICHOLS ROAD,FITCHBURG,MA,014205478,42.5974358,-71.80761197366103,13,0
58d3580e-5f9f-33ef-ac23-8991a876089d,a14e698d-a9ba-3eae-9c8b-682ec726433d,Karla801 Cummerata161,F,GENERAL PRACTICE,776 WESTERN AVE,LYNN,MA,019052408,42.466763,-70.9494939,11,0
788511fd-cced-3c0e-81a0-e577d0eb4c97,dd9914b0-9491-3330-a890-d34e95e497ea,Assunta351 Haley279,F,GENERAL PRACTICE,1061 PLEASANT ST,NEW BEDFORD,MA,027406728,41.64280275,-70.92865004309593,19,0
6e98f876-2921-3926-b77d-f3fa8e06b921,d4b9a3f0-210d-3e46-a2c7-e099658ac543,Lucina142 Moen819,F,GENERAL PRACTICE,7000 GREAT MEADOW ROAD,DEDHAM,MA,020264090,42.266408549999994,-71.19518435636284,9,0
c4428cc4-f781-315d-a2d2-e43463b3937c,4c1a8ea6-b690-3c28-a02e-ebd82190ee65,Marcos263 Cronin387,M,GENERAL PRACTICE,885 WASHINGTON ST,BOSTON,MA,021111415,42.3479909,-71.064924,4,0
3bb43fc3-621e-316a-957c-b81b52bf47fa,5ba6765a-f335-36b0-9c6a-6bb494c5330d,Sasha806 Schamberger479,F,GENERAL PRACTICE,31 OLD ROUTE 7,WESTWOOD,MA,020902333,42.2139873,-71.2244987,2,0
21e0f2f3-dd9c-3378-be42-0307d803739c,b6eeaaf7-1683-3bcb-b6ee-81ce304636ef,Zachery872 Pagac496,M,GENERAL PRACTICE,170 GOVERNORS AVE,MELROSE,MA,021763225,42.4564323,-71.064182,169,0
6d3d1b42-184d-3781-b412-404cb9ef8f4a,65eda534-1bdc-3192-8d02-1c3764447790,Shanell37 Hand679,F,GENERAL PRACTICE,1244 BOYLSTON ST,CHESTNUT HILL,MA,024672115,42.3214927,-71.1711481,30,0
52ee68b3-dda2-3209-8cd1-9c9a4475f7a0,14932db8-e179-331d-98ad-dc1c352cb6d3,Concepción765 Mota271,F,GENERAL PRACTICE,743 MAIN ST,MELROSE,MA,021762707,42.460108950000006,-71.06216841036309,1,0
da7ab41e-0601-3433-a8df-63ac88c7b739,b03b624d-c939-3688-986d-9555b8009a3b,Trinity427 Hartmann983,F,GENERAL PRACTICE,230 MAPLE ST,HOLYOKE,MA,010405144,42.207406,-72.608419,33,0
dcfbb85b-5f4f-3ed5-890d-eb373608b9ac,d3085315-9893-34c7-8889-3a31dc17c2b0,Ethyl508 Rau926,F,GENERAL PRACTICE,1428 MAIN ST STE 7,WALPOLE,MA,020811729,42.1325911,-71.2618886,58,0
f96ea248-ebc0-3d81-a2e3-17b652189eec,ace1ac31-036a-38fd-b451-b3b87157c717,Alejandra902 Thompson596,F,GENERAL PRACTICE,170 MORTON ST,BOSTON,MA,021303735,42.299067750000006,-71.10124351911541,68,0
1b7873ff-e38f-3409-b231-70454df9d765,18061fd5-fda8-3e2d-87f0-0f3c87211bcc,Margarite168 Koepp521,F,GENERAL PRACTICE,1493 CAMBRIDGE ST,SOMERVILLE,MA,021431408,42.3875968,-71.0994968,3,0
e192893c-ce41-3c48-8219-08cebec0da4c,b3ada130-6443-3a8e-98c7-4ec127a2b0c4,Ned189 Haley279,M,GENERAL PRACTICE,ONE GREAT ROAD,ACTON,MA,017205601,42.4850931,-71.43284,1,0
fc2b51fc-77b3-3a29-bdac-0dd85458c3eb,1e11392b-1278-3e70-93cd-f396cbd0c265,Gino587 Block661,M,GENERAL PRACTICE,115 LINCOLN ST,NATICK,MA,017607700,42.2843753,-71.3441395,125,0
1c141908-4a7f-3ddd-a559-027cdcf5aeea,6cf8a214-8d57-3267-85e5-7719e15cd63e,Michel472 Zulauf375,M,GENERAL PRACTICE,170 MORTON STREET,JAMAICA PLAIN,MA,021303735,42.299067750000006,-71.10124351911541,105,0
1c2fba1e-3058-3829-99f1-51ff997be224,0fedae9f-701f-3317-9b2f-69aea2202cdc,Willian804 Batz141,M,GENERAL PRACTICE,88 EAST NEWTON STREET,WINTHROP,MA,021522715,42.3750976,-70.982827,191,0
dafcc5da-69ca-36f6-8623-9c3e4601fce4,9043e647-568d-3e87-9fc0-756a416392d3,Deandre599 Hartmann983,M,GENERAL PRACTICE,27 CENTENNIAL DR,PEABODY,MA,01960,42.52388415,-70.9519832,76,0
2e9bbecf-ae1c-38ce-8a9a-75d2ad39f65f,0cc04ba5-137a-3ef8-acda-e79b25960b2a,Bernardo699 Homenick806,M,GENERAL PRACTICE,25 ADAMS ROAD,WILLIAMSTOWN,MA,012672928,42.7009605,-73.18515951851253,8,0
90c7971c-db1c-3428-917f-8901d5871055,86bbc3aa-e927-3d56-9d77-ab701b4b2926,Tynisha348 Howe413,F,GENERAL PRACTICE,538 ROBESON STREET,FALL RIVER,MA,027205496,41.707225,-71.1432141111111,2,0
eeb79048-3f9c-3f8a-a4fd-482f51b8ba84,4b7c1695-a178-3e03-8651-51acfd3b8372,Juan88 O'Keefe54,M,GENERAL PRACTICE,600 OLD SOMERSET AVE,NORTH DIGHTON,MA,027641824,41.86399,-71.1244904,54,0
bba170e9-f795-3435-9e2f-07da2a64ed08,a3327df4-d092-350b-b551-e60c82076c9a,Debra128 Predovic534,F,GENERAL PRACTICE,46 NORTH MAIN ST,W BROOKFIELD,MA,015853232,42.23754835,-72.13791547215251,44,0
8eac9ee0-d9cc-31e2-80a7-8c3f3f1b9166,aade280a-3b90-3e48-9648-91109a964a63,Josef103 Klein929,M,GENERAL PRACTICE,909 SUMNER ST,DARTMOUTH,MA,027473826,41.6332267,-70.9879928,72,0
bd23e3c0-22d5-3690-bcf0-4d34ec9db2bd,18764c6a-31fe-391c-80ac-6a5b761e06d6,Chadwick722 Doyle959,M,GENERAL PRACTICE,19 OBERY ST,PLYMOUTH,MA,023602129,41.94456995,-70.64966444737888,1,0
1df57d1f-2e88-3cae-87e1-1e55a60f1906,981338c4-287c-3621-bc45-8b0b9f1b8922,Cari853 Kohler843,F,GENERAL PRACTICE,640 BOLTON ST,MARLBOROUGH,MA,017523999,42.3658183,-71.55914630258509,32,0
c769efd2-f9b9-334d-a216-457f1e49f2db,e59fb2d5-508c-38c6-af2e-21d8216dd2b0,Cecilia788 Echevarría842,F,GENERAL PRACTICE,759 CHESTNUT ST,WARE,MA,010821625,42.256476,-72.237482,255,0
ebb7213d-5de2-31a6-b4fe-69746ca1218f,794b1cc2-97be-30a4-83a0-4bf6add43c74,Hugo693 Gutmann970,M,GENERAL PRACTICE,215 THATCHER STREET,BROCKTON,MA,023023949,42.0740963,-70.99660306096918,12,0
39b8f59d-f58f-3668-9532-0ab6417bdc34,440fa4b8-c731-3cf5-81d9-aa3f30a37b95,Bennie663 Abbott774,M,GENERAL PRACTICE,41 & 45 MALL ROAD,PEABODY,MA,019602901,42.5278731,-70.9286609,79,0
b82ff1e6-5add-3478-a0d9-80be5fd4c680,86880e58-8753-3c63-b057-33781df70528,Jon665 Keeling57,M,GENERAL PRACTICE,49 SAMOSET AVE,HULL,MA,020452512,42.2810432,-70.8703157542509,22,0
3fbccdfa-1fe4-302a-82ea-b676fb8e5766,ce53c877-0290-390a-b4b4-2462001a1713,Anabel269 Hilll811,F,GENERAL PRACTICE,847 ROGERS STREET  SUITE 201,LOWELL,MA,018524345,42.6275246,-71.27673639687623,5,0
94377491-eb8b-3ed4-b0db-c2542d8b75f2,36705572-6b8a-337d-9d01-be1087ce4650,Lindy582 Corwin846,F,GENERAL PRACTICE,233 WINTHROP ST,TAUNTON,MA,027804428,41.89112605,-71.11254102062864,67,0
bb8bc3b2-b260-30ff-8ef5-fb1490983f6b,34f0b10a-5e29-31de-a75e-e0bb03c0c0d4,Dierdre747 Leuschke194,F,GENERAL PRACTICE,56 COLPITTS RD,WESTON,MA,024931568,42.36610065,-71.3036759,47,0
124f96e9-c3dd-3c82-90d5-53dd6000c876,2befa435-3070-3350-a15c-e43ac1e84b24,Teressa589 Schuster709,F,GENERAL PRACTICE,575 BEECH STREET,HOLYOKE,MA,010406604,42.20105435,-72.628169560868,6,0
717663b8-7e86-319b-8b33-dc2a4a8d0bf1,ad82d624-72eb-3c7d-a76d-79f2668d1390,Mathew182 Howe413,M,GENERAL PRACTICE,3 WOODLAND RD,STONEHAM,MA,021801711,42.452443099999996,-71.08939988105112,91,0
3cd11b35-3f05-3a67-ad82-69ebc064e36a,3498e7d3-90fd-366b-bc6a-6f41dad6bae6,Olympia319 Bradtke547,F,GENERAL PRACTICE,112 WEST MAIN STREET,NORTHBOROUGH,MA,015321824,42.318559050000005,-71.65097281611972,4,0
fe7eb9dd-e630-328b-8ffa-24896b848785,37111f41-8bc5-35d3-9cd9-5b447a11ffd1,Ilene33 Greenholt190,F,GENERAL PRACTICE,TEN INGALLS COURT,METHUEN,MA,018443712,42.7262016,-71.1908924,21,0
1a294e60-dc79-375a-bd27-9b4b2b66445a,24460683-f514-37ef-98c1-724b2fc9aa2a,Dale454 Wilderman619,M,GENERAL PRACTICE,60 HODGES AVE,TAUNTON,MA,027803034,41.91158935,-71.10129620180315,513,0
c511a7b7-0004-398c-bda2-b92982f00e38,945104f1-4b95-3eed-bd02-5efa0afbf34d,Dolores502 Ocampo729,F,GENERAL PRACTICE,20 CENTRAL AVE # 506,LYNN,MA,019011201,42.46410018181818,-70.9465129090909,1,0
6359c6bc-40e5-3a64-8e4b-05313d62f2ef,fbd4ccdf-2fdb-3652-9bbe-1ccff886bd34,Tana168 Collins926,F,GENERAL PRACTICE,320 CENTRAL STREET  UNIT A2,SAUGUS,MA,019062372,42.4632069,-71.0093761,5,0
2ef99502-60ea-3ba9-b1f6-4de8a074918b,65f0254a-73a3-3b06-bced-54d511445535,Maira380 Carter549,F,GENERAL PRACTICE,720 BOSTON POST ROAD,MARLBOROUGH,MA,017523766,42.355106,-71.47654,1,0
bef47324-10c2-3ffb-9aa1-6f7309b8ded4,901c2d40-1ca3-3879-9a20-c663b8adc0a9,Emory494 Schuster709,M,GENERAL PRACTICE,800 WASHINGTON STREET,STONEHAM,MA,021802445,42.4863168,-71.0928919,401,0
e9f26d77-c623-3e8c-aa92-cd57b3de7be1,e6cc6043-299a-3581-8f6b-b3b5d62c46ae,Ellen406 Farrell962,F,GENERAL PRACTICE,532 SUMNER AVE,SPRINGFIELD,MA,011082458,42.08631583333334,-72.55792579166666,28,0
0cb07075-fa9f-325e-8e02-bfee91b3c70e,b9e35b8a-9831-32d8-a6dc-d7a546c126b0,Andrea7 Montez99,F,GENERAL PRACTICE,111 HUNTOON MEMORIAL HIGHWAY  1ST FLOOR,SPRINGFIELD,MA,011092550,42.1018764,-72.5886727,157,0
1e75dac9-e1d5-3c35-b10a-d2186899cbad,70d5bbef-3c05-3318-b9d7-003dc8fbb8cf,Shenika151 Little434,F,GENERAL PRACTICE,33 SUMMER ST,TAUNTON,MA,027803479,41.9005416,-71.08895606814966,3,0
12b67f9d-ae63-31fc-abe9-a6522294bd10,22249c0a-8ce9-3726-a3bb-b037c773ce5c,Leah288 Sauer652,F,GENERAL PRACTICE,337 NEPONSET AVENUE,DORCHESTER,MA,021223103,42.2875144,-71.0470691675753,10,0
6c03a3bc-7c68-356c-8529-676538bb1c6f,46a09a29-4bda-3572-89dd-5def154669ed,Claretha922 Kiehn525,F,GENERAL PRACTICE,4901 N MAIN ST,FALL RIVER,MA,027202080,41.758923100000004,-71.11356439219409,2,0
c6ad7345-88a8-34e2-8359-e17543dbe5c5,27bf2e46-7445-35e7-9106-3ce1b074db47,Kathryn101 Donnelly343,F,GENERAL PRACTICE,80 BOSTON RD,NORTH BILLERICA,MA,018621034,42.5871093,-71.2948553,2,0
1e77d4b5-f080-3dfb-a540-1d6b30d6a379,328f813e-4de8-3ec2-a113-43f3ddfb0b2a,Victoria535 Roob72,F,GENERAL PRACTICE,30-40 WESTPARK STREET,BROCKTON,MA,023015241,42.0834335,-71.0183787,42,0
9fa2b32e-43e8-3637-a2b4-b490427e6422,8d110f42-6f75-3751-b0c5-b45ab08333a1,Shonna561 Feest103,F,GENERAL PRACTICE,88 WASHINGTON ST,TAUNTON,MA,027802465,41.9062805,-71.09518121351795,148,0
afb60136-a14e-3d85-85f8-23f448f3f8d7,200746fc-5d0f-3ec7-a2a9-3d9a219ee139,Luisa710 Puente961,F,GENERAL PRACTICE,800 CUMMINGS PARK  SUITE 3100,WOBURN,MA,018016355,42.4977745,-71.1237712,15,0
01694c4b-bacb-3fe3-a631-43b99ec9b8b6,f2068cee-c75c-321d-9b2c-c33535db89c9,Octavio643 Prosacco716,M,GENERAL PRACTICE,32 BOSSI AVE,RANDOLPH,MA,023682002,42.20017865,-71.0582074,56,0
c71448f7-65aa-345c-b9c5-79cd682ae9fc,9b1f8cd0-2246-3f4f-82df-23ea314c7665,Verdie59 Bruen238,F,GENERAL PRACTICE,800 ESSEX ST,LAWRENCE,MA,018414617,42.70162725,-71.1755487945157,4,0
26ba3545-4ff8-3098-91c6-0efe1b31b6b5,15d4c950-4691-3996-b4c4-bf06bfb58ff7,Alvin56 Crona259,M,GENERAL PRACTICE,70 EAST ST,METHUEN,MA,018445883,42.7285558,-71.16833738237946,646,0
9f237f93-426e-31fb-bb29-8119ec50c86a,655f2a4f-419c-39d3-8ed6-6c4117eb7e32,Aurore252 Herzog843,F,GENERAL PRACTICE,21 MAIN ST,NORTH READING,MA,018641326,42.566971949999996,-71.10799861135133,69,0
7f375c37-0d0e-3c61-b98b-95fc42fabc26,118e081c-c2f2-35cd-b9c3-ef534f1b7830,Brooks264 Ziemann98,M,GENERAL PRACTICE,1364 MAIN ST,READING,MA,018671137,42.55581805,-71.10585713492983,1,0
5e4b5d35-102e-3654-b658-96fe6af77f80,5018c664-e283-30eb-932a-529d9a19b3b5,Numbers230 Stehr398,M,GENERAL PRACTICE,300 SOUTH ST,WOBURN,MA,018014979,42.473347,-71.144086,299,0
f8c78efc-efb5-3190-bc19-be540ab68277,d140ed3f-2696-3e78-bd77-1c959ec4fc4d,Orpha286 Marks830,F,GENERAL PRACTICE,863 HATHAWAY ROAD,NEW BEDFORD,MA,027401916,41.6512968,-70.9669902070805,19,0
384db071-69ec-3cbd-9a23-e364eb1f367a,1cff30ba-b91f-3ea2-b80b-770d67856358,Annamae625 Halvorson124,F,GENERAL PRACTICE,359 JONES RD,FALMOUTH,MA,025403341,41.5591273,-70.60352436630029,17,0
259766f5-cf4d-32c0-957e-dbc139ae65cc,d4e48a16-0a60-3e90-81e5-c35b22ffe6af,Bertram873 Kutch271,M,GENERAL PRACTICE,856 STATE RD,NORTH ADAMS,MA,012473027,42.69967208677275,-73.16330754755236,2,0
3ff8ac5b-9ad9-31d5-b527-927c11c334e8,4ff8b164-4cf5-3ab4-b0f2-7ce8fda920e5,Latrisha74 Mante251,F,GENERAL PRACTICE,800 WASHINGTON ST,WORCESTER,MA,016550002,42.180483,-71.867782,26,0
682ad5d7-b6aa-3f0b-8aae-d861eebc4d17,bccd7d67-203c-3d93-b6b0-bff5a146cd1d,Paulene52 Kihn564,F,GENERAL PRACTICE,286 WASHINGTON ST,STOUGHTON,MA,020721763,42.1384306,-71.1022598,25,0
8d8edafc-1c82-313c-a335-cf0d96105d37,63cb4d95-04a9-3a35-b5d9-f89e0377a48d,Thanh759 Weber641,M,GENERAL PRACTICE,211 PARK ST,ATTLEBORO,MA,027033143,41.9419187,-71.2752081695297,34,0
762932e7-23cf-3a44-9746-dde2ef9bb9f5,6e290541-eba3-37fc-a3e2-e58f77e84c7e,Christeen33 Toy286,F,GENERAL PRACTICE,15 LENOX ST.,SPRINGFIELD,MA,011083122,42.085779,-72.55846414285715,55,0
10c26e66-71cd-38db-9b64-6db22ed89c79,a2a41caf-758f-3962-8e5f-e6e603f93d17,Rhett759 Padberg411,M,GENERAL PRACTICE,111 HUNTOON MEMORIAL HWY,ROCHDALE,MA,015421305,42.2020225,-71.89891616754682,65,0
902cd348-bf19-3a28-b4e5-21168b6276e9,db28cc9a-fdfb-35a6-aef7-ab9b933ef244,Judy192 Gleason633,F,GENERAL PRACTICE,8 DANA STREET,CAMBRIDGE,MA,021385402,42.3694992,-71.11011030010101,8,0
e1dcffdd-ef69-3ce3-a613-924b1074670b,c7542447-e06e-32cb-b6db-243c23a0dbc2,Chantell995 Krajcik437,F,GENERAL PRACTICE,30 WARREN ST,BOSTON,MA,021353602,42.3501483,-71.14393324457691,43,0
653d950d-b502-35d5-96dc-9d6cd2ae5670,72f50aa0-d8c9-34dc-ac58-c428323f3bcd,Danuta945 Little434,F,GENERAL PRACTICE,55 FRUIT ST,BOSTON,MA,021142696,42.36286045,-71.06875296664998,31,0
33f95871-6ded-3b3b-a235-7b10207b9efd,ca8a919a-05f9-3687-bfb6-42800a70031e,Clair921 Flatley871,F,GENERAL PRACTICE,6111 OAK TREE BLVD STE 301,FRAMINGHAM,MA,017014613,42.3095704,-71.4413097,126,0
b473a407-b047-3b96-864f-c0e618e054b2,eee00932-ca82-36bc-b7e8-e3fff6dbaeaa,Cira533 Hane680,F,GENERAL PRACTICE,450 BROOKLINE AVE,WEYMOUTH,MA,021893141,42.2212188,-70.9391625,88,0
4def0686-78d5-3df8-bbfb-b3c3fb73ce0e,50c7f768-9138-3dae-a67d-953bdf9ad754,Evelia928 Bogisich202,F,GENERAL PRACTICE,125 COUNTY STREET,TAUNTON,MA,027803561,41.8960599,-71.07799243944345,24,0
da5421de-24aa-33d5-a276-5e78f914cb28,6f90eaad-abe3-3ce0-b9a6-2031c5674f0d,Claribel706 Wuckert783,F,GENERAL PRACTICE,800 TURNPIKE ST STE 300,NORTH ANDOVER,MA,018456156,42.66074825,-71.10724143845708,5,0
bb2704ac-06e3-3881-89a4-c19e8da68951,6c7fe370-02c4-3537-8f5e-373b2168b933,Charlesetta336 Swift555,F,GENERAL PRACTICE,60 HOSPITAL ROAD,LEOMINSTER,MA,014533791,42.54031915,-71.76312990486304,1,0
994e7834-1580-33a4-84c4-a25abd62bc85,9fbf3c5e-5f22-3b9f-9032-39d6de320874,Delois358 Langosh790,F,GENERAL PRACTICE,150 FLANDERS RD,WESTBOROUGH,MA,015811017,42.2770724,-71.5679154706427,15,0
cc3d6a41-d756-3130-bd10-4e0a741a791a,f8918a95-31e8-3ac4-8d12-29ca6080ebda,Domitila545 Vandervort697,F,GENERAL PRACTICE,199 REEDSDALE RD,MILTON,MA,021863926,42.251368299999996,-71.0768393856917,245,0
db4f2dc0-f0ad-3504-8d40-e24e698df059,bce5b907-584b-345d-bbcf-912cf56cb6c3,Monte325 Parisian75,M,GENERAL PRACTICE,11-15 SANDERSDALE ROAD,WORCESTER,MA,016032467,42.0667952,-72.0084995,29,0
60c5683a-68a1-32a0-b731-ecafca954f6f,8d5880eb-1dd8-31ea-b7c5-21709f3bb341,Nicholle822 Satterfield305,F,GENERAL PRACTICE,50 ROWE ST,MELROSE,MA,021763201,42.4592093,-71.06078096379728,39,0
8aea4428-34a6-397c-bb10-9b400fbc85c8,3ff0f58b-7a1f-3334-9449-ff15f68b7d86,Winston220 McCullough561,M,GENERAL PRACTICE,275 SANDWICH ST,PLYMOUTH,MA,023607761,41.94186605,-70.6455366462985,23,0
7725be87-bf7c-3e83-bacd-c8186ee36114,8ddbad9e-b5fc-3895-8a1c-17f32197a865,Barrie587 Nicolas769,F,GENERAL PRACTICE,1455 MAIN STREET,CHATHAM,MA,026332083,41.6827332,-69.98755685244114,2,0
e2010926-d765-3896-a414-f0cf119eb49b,dd280187-8662-3732-af81-595d10572911,Clifton91 Lakin515,M,GENERAL PRACTICE,4499 ACUSHNET AVE,NEW BEDFORD,MA,027454707,41.74026055,-70.9450945705336,180,0
e80b98ec-abcf-32c3-a708-8978a3618c43,dac75bc1-cbfa-306b-9a0a-88d5edf3638d,Addie421 Ebert178,F,GENERAL PRACTICE,170 COREY ROAD,BRIGHTON,MA,021358244,42.3433093,-71.14003855124017,2,0
b906a4fb-7d1b-3552-9e9c-190cb3731555,371948e4-733a-33b6-a835-68abefdeb59f,Zachary28 Gleichner915,M,GENERAL PRACTICE,197 ADAMS RD,WILLIAMSTOWN,MA,012672930,42.704126099999996,-73.19043030392987,58,0
de829be3-67f0-3317-925f-c96c4dd6e86e,92d919ab-8380-3fda-a5f1-838e69b819c1,Velda682 Gutmann970,F,GENERAL PRACTICE,300 TRADECENTER STE 4750,WOBURN,MA,018017420,42.4994143,-71.161659,31,0
08192476-022e-384d-8395-896618c25e7b,542185c1-943a-30f4-aba0-0efaa92488a4,Wilbur107 Rau926,M,GENERAL PRACTICE,142 LAKE ST,ARLINGTON,MA,024764738,42.40328885,-71.15140830652837,46,0
41fe873b-461d-3a9e-936a-ec6468477424,175787c9-37d1-308a-9d33-a6ff513ee320,Pablo44 Roob72,M,GENERAL PRACTICE,804 PLEASANT ST,BROCKTON,MA,023013055,42.08723215,-71.05285860302956,1,0
c73a1308-d478-3f5f-81f9-6889a1b9cffe,44cb1162-a345-3477-8723-c202a3c8cdcd,Shaquita282 Graham902,F,GENERAL PRACTICE,73 W MAIN ST,HOPKINTON,MA,017481619,42.21799145,-71.54005509979045,39,0
8821d23f-e1f8-328d-a744-8bef9591dc12,4ffc4e4b-9d8d-3c30-ad84-fc9a7209da94,Madelyn308 Carter549,F,GENERAL PRACTICE,4525 ACUSHNET AVENUE,NEW BEDFORD,MA,027454727,41.74080975,-70.94731021257817,9,0
ef50ef16-f0c0-3b2c-b910-a214a26328d6,ce4d0501-49eb-396a-bc56-545fdfc624b0,Mauricio81 Daniel959,M,GENERAL PRACTICE,1 HOSPITAL RD,OAK BLUFFS,MA,025571406,41.46063105,-70.57989080295974,168,0
4732e971-f7cc-31db-98a4-6cc94a102c60,e69e7cbb-8362-30d1-83f2-3a0c492fe2b1,Chris95 Kub800,F,GENERAL PRACTICE,110 LONG POND RD,PLYMOUTH,MA,023602642,41.9255829,-70.65514326847389,51,0
140a1f64-8947-31b4-98b1-8c12145c8f62,afc661fd-71d9-3fc3-adf2-3fc3b5e8a140,Hyman89 Schmeler639,M,GENERAL PRACTICE,680 CENTRE ST,RAYNHAM,MA,02767,41.9487118,-71.0731008,82,0
c05652fd-5558-3381-84f1-ec304f6d98b9,be9a14c1-72a6-3186-b199-fdb070768458,Tanner110 Roob72,M,GENERAL PRACTICE,18 FRANCES ST,WOBURN,MA,018013006,42.488288600000004,-71.15015700746171,1,0
c6fc6c21-80fc-31f1-90a2-c8b6f4fade50,06cc2462-430f-3322-9c87-7e971125f510,Kai187 Mann644,F,GENERAL PRACTICE,133 OLD ROAD TO 9 ACRE COR,WESTFORD,MA,018863198,42.5792583,-71.4378411,9,0
dd7ffbf4-40a1-366c-a6a4-08159c59fdd3,479427f6-9419-3eba-b2c2-b037b4b89493,Britt177 O'Keefe54,M,GENERAL PRACTICE,180 GEORGE WASHINGTON BLVD,HULL,MA,020453069,42.2630377,-70.8606109,26,0
0282d671-0f98-3ebc-8e51-2ac612b1df18,ee7fab6f-6438-394f-b1f2-3e452f8f055a,Trey250 Satterfield305,M,GENERAL PRACTICE,75 BRIMBAL AVENUE,BEVERLY,MA,019156009,42.570099299999995,-70.87108224250409,3,0
abdfad34-ebd2-3875-8ee2-0173137fcb28,907b1d2f-2bf8-31b5-abc2-14d6b75faa96,Lizeth852 Ernser583,F,GENERAL PRACTICE,340 MAPLE ST,MARLBOROUGH,MA,017523200,42.3358161,-71.54106510218209,74,0
7fa2ab09-0632-37de-885c-575450b23ad9,880fad59-9c38-3a21-a39f-ccc801502ab3,Halina47 Pollich983,F,GENERAL PRACTICE,799 CONCORD AVENUE,CAMBRIDGE,MA,021381048,42.390849395521705,-71.1556550001627,2,0
336105ee-ee64-3bae-8304-9564e04eb7d3,352f2e3b-0708-3eb4-9f7e-e73a685bf379,Araceli695 Willms744,F,GENERAL PRACTICE,157 UNION ST,SOUTHBOROUGH,MA,017721215,42.3056501,-71.5245087,288,0
e824c5f9-345b-30c4-b36a-f629e717d0e3,a2d45ee8-b930-3169-b612-f602961ad212,Florance664 Leannon79,F,GENERAL PRACTICE,37 MINUTEMAN WAY,SHREWSBURY,MA,015452229,42.288207,-71.73443816915585,88,0
213e54ed-6354-3af4-9a3d-59ae4d105f5c,0fa1cab9-83c1-3c85-b7bc-53d8b922e2f7,Annita733 Frami345,F,GENERAL PRACTICE,115 LINCOLN STREET,WORCESTER,MA,016081216,42.2768165,-71.795274,10,0
8cf089d6-fbf2-3006-b383-65f83232d852,fa34d205-5ac2-3ba2-80a4-bef345dc57f5,Lamar193 Daniel959,M,GENERAL PRACTICE,37 BROADWAY,ARLINGTON,MA,024745552,42.408086,-71.135914,1,0
545d4192-df14-3d4b-a47f-a85dd59a984b,e6d63525-40f0-3391-a58a-e6a03598911f,Dorotha379 Kassulke119,F,GENERAL PRACTICE,400 STANLEY ST,FALL RIVER,MA,027206009,41.7148511,-71.13527009152534,28,0
8ee2c990-b0ca-3d3a-98e8-ed40abed7ce7,2b97893e-dc50-378b-a266-f089b8450329,Magdalena964 Torphy630,F,GENERAL PRACTICE,250 MOUNT VERNON ST,DORCHESTER,MA,021253120,42.3194571,-71.04610844302991,89,0
6cbe87e6-a48e-30e8-893a-8db8fc3edf90,310d02fb-ba0c-3b5a-9ab3-8d7bb8e7b661,Lauren941 Farrell962,M,GENERAL PRACTICE,709 WASHINGTON STREET,CANTON,MA,02021,42.1561851,-71.1452049,34,0
4c2e8657-9ca4-38f7-a5a6-0bcdb007f93e,3d5fbf38-c781-3e04-8c7e-5a402611b7d4,Vito638 Barton704,M,GENERAL PRACTICE,260 ELM ST,SOMERVILLE,MA,021442951,42.3955992,-71.1227391,122,0
75cb583c-bfad-301c-9ad5-159847cbb8bb,f43f97f2-af04-3ed0-a42e-3681718cc9b2,Jacques50 Quigley282,M,GENERAL PRACTICE,725 NORTH ST,PITTSFIELD,MA,012014109,42.4600752,-73.2492795834909,84,0
ba1ef613-bd90-3b45-8540-b042595417e5,fd5342f0-10c0-3f48-9c7e-7100a64db139,Robby860 Abshire638,M,GENERAL PRACTICE,30 PRINCETON BOULEVARD,LOWELL,MA,018512405,42.6353691,-71.3322833,4,0
3486706d-6d88-3918-aff4-2c2a185e8d19,e119dcbb-0c33-3ec1-bf97-5f477799e5cb,Juana825 Domínquez36,F,GENERAL PRACTICE,312 MILLBURY AVENUE,MILLBURY,MA,015273622,42.22515325,-71.75735371350069,1,0
db19cc2b-49c5-3ec9-8744-dbf347fa8323,7ac466c6-7968-33fd-882c-6d5418f88c8a,Alvin56 Hayes766,M,GENERAL PRACTICE,2 MEETING HOUSE RD,CHELMSFORD,MA,018242700,42.60140085,-71.35097894451894,79,0
71ae86d4-b6f7-3b9c-af24-cc2ded3d00cf,0d19a52f-6f9b-32aa-9aad-6b7027cc668e,Indira327 Mills423,F,GENERAL PRACTICE,7 SANDISFIELD ROAD BOX 216,SANDISFIELD,MA,012559621,42.1131485,-73.1299243,1,0
df291860-6f3d-38b1-8477-5933380a4c64,88975fd9-b47e-3af6-af78-c58e1ecf0d5e,Azzie965 Feil794,F,GENERAL PRACTICE,115 W SILVER ST,WESTFIELD,MA,010853628,42.1178811,-72.75935246865802,1,0
92a8812f-c0f4-32f6-8454-c8815d86e9c6,46e66051-c061-3c31-b439-1d71df92db1c,Damion480 Denesik803,M,GENERAL PRACTICE,11 NORTH ST,STONEHAM,MA,021801040,42.50329135,-71.10023035268328,1,0
7378e6ee-e563-3744-b25a-8bf31ee18086,19439108-9835-38fe-8ee2-1226a355cfba,Anderson154 Kunze215,M,GENERAL PRACTICE,694 WORCESTER RD,WELLESLEY,MA,024822837,42.2964859,-71.2925571,7,0
07199676-08f9-393d-becb-fa2daf53d035,fd938c9f-a355-3ec7-96f8-516240ea1ba2,Sylvester827 Beahan375,M,GENERAL PRACTICE,529 MAIN ST STE 126,PLYMOUTH,MA,023604842,41.7664657,-70.7266525,1,0
958601e5-6dee-3663-8f79-fa7dc46eb0b2,94ac48ba-e215-3ab9-ba88-a0b926d29cef,Barton704 Hahn503,M,GENERAL PRACTICE,300 WINTHROP STREET,MEDFORD,MA,021552311,42.421527,-71.11834,5,0
f5d7b07f-80af-3035-84d3-cfb537e602ea,069b90f9-309b-35e4-b990-d1dbacb962cc,Leo278 Strosin214,F,GENERAL PRACTICE,36 LOWER WESTFIELD ROAD,HOLYOKE,MA,010402749,42.16975305,-72.63488031242107,13,0
4bb9f58e-e88d-3b08-a739-9b83ac88868d,b3f4de6b-901d-3856-ba81-35dc48a63d17,Jeana169 Cronin387,F,GENERAL PRACTICE,451 ANDOVER ST STE 205,NORTH ANDOVER,MA,018455079,42.6734518,-71.1268776,63,0
3597cffb-88e5-3006-a4e0-faf92747fa89,d087a353-12da-3785-b121-fb1291f8a721,Thad495 Baumbach677,M,GENERAL PRACTICE,17 CLARENCE ST,WORCESTER,MA,016052430,42.287673653061226,-71.80890779591836,19,0
d14b8792-0d68-33cc-b9a3-e00f2e374db9,936ceb96-2b12-371f-aa68-ee02a9c06f4c,Alan320 Keeling57,M,GENERAL PRACTICE,225 BOSTON ST,LYNN,MA,019043124,42.470497449999996,-70.96003668151566,83,0
527cf77e-b870-3ad9-81ac-0db598aad899,0a8a4b11-d0b8-3cd2-92cd-983de5189cfa,Del587 Nicolas769,M,GENERAL PRACTICE,111 BIRCH STREET,LYNN,MA,019021574,42.47859105,-70.93458444045801,7,0
9bd3b586-c854-38a0-ab51-2c217f529966,335fe080-43f9-3219-84bd-031c4fcfe9d5,Nikki942 Hilll811,F,GENERAL PRACTICE,146 PARK AVE,ARLINGTON,MA,024765829,42.421350950000004,-71.18224816367342,1,0
ef75af24-833a-3506-8f98-7aa399f6359e,7b20d1c4-c56b-3647-801c-5e4e13679073,Mozell819 Prohaska837,F,GENERAL PRACTICE,275 SANDWICH ST,PLYMOUTH,MA,023602183,41.94186605,-70.6455366462985,24,0
6ed6f480-8f5c-3a9c-93cc-c372c860e1c6,2399f9b0-28d7-3355-ae52-474326a3b021,Dane516 Boehm581,M,GENERAL PRACTICE,23 N ASHLAND ST,WORCESTER,MA,016093041,42.26901755,-71.80739730766234,49,0
14245d70-17fa-347f-b97f-b721705306d3,3e97ce4f-3ad7-3cea-883f-e2bb4ca89d83,Marisol435 Cedillo160,F,GENERAL PRACTICE,30 NEW CROSSING RD,READING,MA,018673270,42.51809619399502,-71.0959083715027,6,0
606405a9-398c-3ff6-ae1c-c206746dde1a,c4e5b33c-17b8-3f51-a8ba-a327d54e642a,Kaila152 Dibbert990,F,GENERAL PRACTICE,94 N ELM ST,WESTFIELD,MA,010852917,42.1322823,-72.7436679,61,0
bc76e4cc-93ea-38d3-a1e1-43945892b759,6d6ef57e-b2ce-3a69-bacf-4305c51834b0,Frankie174 Skiles927,M,GENERAL PRACTICE,186 HIGHLAND AVE,SOMERVILLE,MA,021431507,42.38845955,-71.10666839512322,1,0
f61cee4d-20aa-34f9-87c9-a0455b6e92d4,0f2c58ec-5323-3c0f-9bdf-af0df7eb2a2b,Bernardo699 Nieves278,M,GENERAL PRACTICE,130 DORCHESTER STREET,SOUTH BOSTON,MA,021272642,42.3334312,-71.0494949,10,0
5ab88d00-a551-3603-b435-a86a18b50770,666c3e81-2ec6-3bff-9dcc-a704edd86960,Cassi819 McClure239,F,GENERAL PRACTICE,770 CONVERSE STREET,LONGMEADOW,MA,011061719,42.0639853,-72.5521444,10,0
19e70ba9-62e3-3c90-98db-7b43789e8878,cdc87240-38e9-36f8-959b-706642e01e11,Chun678 Armstrong51,F,GENERAL PRACTICE,243 CHARLES ST,STONEHAM,MA,021803559,42.4814675,-71.0924311,82,0
3df1e725-61c0-36e0-b8f4-1fce2eddbecf,c6b019eb-28ec-36f6-abf3-bcc4d1d58966,Maren639 Aufderhar910,F,GENERAL PRACTICE,33 AVON ST,WAKEFIELD,MA,018802310,42.50403445,-71.07462951514611,137,0
daa29d8d-6fde-347c-8c49-71689dd9f113,31e00f85-6909-3d9f-afc6-5ae507ab0c06,Kyle55 Collier206,M,GENERAL PRACTICE,382 GROVE STREET,BRAINTREE,MA,021847324,42.189369400000004,-70.98451984814267,83,0
e4c48fbe-49ba-3eb7-bd75-34184af70752,7f2ffa4e-e192-3b51-b5ca-81bbf077f160,Damian46 Krajcik437,M,GENERAL PRACTICE,601 SHERMAN ST,CANTON,MA,020212025,42.1635341,-71.15024107129324,1,0
f72d05c4-1700-3cbd-b412-4a17f78d1850,b3312a2d-37e9-35a8-b50d-6c165c437baa,Eliseo499 Reinger292,M,GENERAL PRACTICE,45 DIMOCK ST,ROXBURY,MA,021191029,42.32030665,-71.09721114916246,41,0
95f74a96-7418-35ca-98f8-60850046e0e2,2836d9ac-c6a6-39d1-8f13-fdf0fc8928f4,Alysha630 Koch169,F,GENERAL PRACTICE,365 EAST ST,TEWKSBURY,MA,018761950,42.6069472,-71.2180803,936,0
8a9c2f78-b4fc-34b1-925f-965f372e4ac5,7dddc0c2-9f1d-3e4e-b2f2-fc7e6abbed31,Genevie117 Gibson10,F,GENERAL PRACTICE,160 MERRIMACK STREET  SUITE 1,METHUEN,MA,018446117,42.7334079,-71.13599310716302,3,0
91e181f0-5f7b-35e3-afa1-343377056723,b5e6f1bd-c744-3556-9775-5ff8399eea33,Hedwig986 Wiza601,F,GENERAL PRACTICE,2284 MAIN ST,CONCORD,MA,017423829,42.44300895,-71.42458458423982,27,0
aa8dfa43-46d6-36d6-9bd1-fe9698aa6d37,04b252db-4231-3cb5-963d-6f096fb4b97c,Horace32 Grady603,M,GENERAL PRACTICE,1177 PROVIDENCE HIGHWAY,NORWOOD,MA,020625019,42.194543,-71.1994976,1,0
c446ed1d-081e-36ed-9db1-7a8b41b01f16,94f6a3ae-7d8d-3cbc-a788-e400732da7e5,Ammie189 Kuvalis369,F,GENERAL PRACTICE,450 WEST RIVER ST,ORANGE,MA,013649603,42.5928702,-72.32953998953418,9,0
d94575d3-5c95-3e2d-ab8e-ce043e997def,e2eab39c-5195-34aa-b35f-e89e37cfed01,January966 Roberts511,F,GENERAL PRACTICE,55 FOGG ROAD,WEYMOUTH,MA,021893141,42.175539799999996,-70.9539153674405,180,0
eacb4a95-2400-3ae0-b627-156fb4bdd57e,4fa8411f-42f8-3353-8947-bf15254c9dee,Jess275 Gutmann970,M,GENERAL PRACTICE,90 GREENWOOD STREET,WAKEFIELD,MA,018804039,42.476321150000004,-71.06922169005762,9,0
212b8696-8bdb-3550-9101-cda7ddef5cf9,a977feef-f585-3fa8-8deb-7e60fc2cab30,Keneth579 Schulist381,M,GENERAL PRACTICE,2314 MAIN STREET,TEWKSBURY,MA,018763128,42.58023655,-71.19367180835906,87,0
110092fa-f7ce-35b5-9165-79858b2fff72,1de7e7d9-9a7a-3a3f-bf4c-b4de450711f2,Vince741 Morissette863,M,GENERAL PRACTICE,198 LITTLETON RD,WESTFORD,MA,018863429,42.564282,-71.42620615382347,7,0
f940fc70-b8d0-3e0f-ac93-ae29d9303d48,940d491c-ad61-3bd3-9054-d6d884280934,Morton637 Huels583,M,GENERAL PRACTICE,321 CENTRE STREET,DORCHESTER,MA,021221112,42.29394375,-71.06005213312326,1,0
37fe9141-175c-38f5-9672-7a4cdd69fd28,4705a8fd-19cd-32c1-8b3e-34bcfe84d0bd,Wynell591 Mayert710,F,GENERAL PRACTICE,55 N WASHINGTON ST,NORTH ATTLEBORO,MA,027601607,41.983529,-71.332241,39,0
4b6a1696-24a2-32c9-aff7-bd92343c048b,497f39dd-280e-3d58-af5b-c5e3a3a09b10,Arden380 Bergstrom287,M,GENERAL PRACTICE,27 PARK ST,HYANNIS,MA,026015230,41.65363635,-70.27352219234834,63,0
7f0a7040-4bcc-3452-a8c8-9e8f5385dfd4,0d7fd824-1c7b-3f8b-a662-f6c2005e82e1,Lyndon118 Trantow673,M,GENERAL PRACTICE,88 MASONIC HOME ROAD,CHARLTON,MA,015071394,42.1389039,-71.9782681,14,0
dfa35510-8736-399b-921d-eb025d0e7d58,ed0c5b98-dc8a-3fc9-9856-61f1a1c75b11,Edwina60 Gerhold939,F,GENERAL PRACTICE,40 JULIO DR,SHREWSBURY,MA,015453010,42.29191827853838,-71.70343631978118,1,0
8c497023-bdda-34d2-b1ce-f7ccab330171,a525d084-5a8f-3859-a048-2130a4092ec8,Samuel331 Runte676,M,GENERAL PRACTICE,2 MOUNT ROYAL AVENUE  SUITE 350,MARLBOROUGH,MA,017521976,42.34042135,-71.57841367654626,3,0
3cfa38ba-25ec-39e0-9f84-3d2dd96a3e31,390a2aa4-70b4-3a64-a12f-9bd777834c8d,Hunter736 Howe413,M,GENERAL PRACTICE,710 MAIN STREET,HARWICH PORT,MA,026461931,41.669654699920855,-70.06169919459835,41,0
5036c342-ce56-370d-80e3-179f562f8c8f,18a96051-91f4-3cba-af96-056ea14dfee0,Gaston250 Grimes165,M,GENERAL PRACTICE,25 HIGHLAND AVENUE,NEWBURYPORT,MA,019503872,42.81369325,-70.89091645747592,49,0
40481cb1-3a89-387f-af7c-1399a797f5e0,1ab2b5f9-cb95-3236-beec-9b9d4a407c61,Latoria810 Eichmann909,F,GENERAL PRACTICE,725 NORTH ST,PITTSFIELD,MA,012014109,42.4600752,-73.2492795834909,32,0
f71c799f-61dc-3ff8-a550-a89943247f8e,aebbaa5c-2d54-3002-8042-83f6513ccbd2,Solomon675 Buckridge80,M,GENERAL PRACTICE,14 TOWNSIDE LN,WALPOLE,MA,020813541,42.1528227,-71.24396289112357,52,0
97515551-322a-3329-b3f1-25f15ce200aa,41e2a44c-477c-3511-96f9-12c476aa3b6a,Latoyia537 Lindgren255,F,GENERAL PRACTICE,85 E NEWTON ST,BOSTON,MA,021183553,42.336277100000004,-71.07085295687423,126,0
3b04d8a6-180f-31fa-a7ae-53479a85731a,f00601d0-d49e-30ed-bc3e-314379f2103e,Mitsue965 White193,F,GENERAL PRACTICE,490 MAIN ST,MELROSE,MA,021763841,42.4550741,-71.0654799,51,0
b2be61c5-bba2-39ed-b2ca-e1cc6807ddb5,4956f573-3dc2-3a67-9692-2f57451744e6,Gerry91 Davis923,M,GENERAL PRACTICE,400 BOLTON STREET,MARLBOROUGH,MA,017523912,42.35966285,-71.55290125539051,4,0
817d4305-c156-3b93-9768-691634933c03,69195f53-626c-3031-b4de-d0b206f75d8c,Hal307 Wiegand701,M,GENERAL PRACTICE,174 FOREST HILLS ST,BOSTON,MA,021303353,42.306401050000005,-71.10237442688054,3,0
87aaa444-fcce-39e0-8a23-ed06abf5028f,363631be-d437-3548-98c2-d10b909c1721,Elaina826 Ferry570,F,GENERAL PRACTICE,50 MANSION DRIVE,ROWLEY,MA,019691026,42.73718535100735,-70.88053187301136,5,0
50e5010f-6054-361c-8fec-fd349c901b5b,c1986c0c-f756-3596-8f90-08adacf220fe,Dong972 Auer97,M,GENERAL PRACTICE,73 CHESTNUT STREET,SAUGUS,MA,019061605,42.4573919,-70.9918055,13,0
c64d1c18-e45f-34c9-abdd-67d89ceed33b,ad2dab07-4f85-3950-baaa-7c7cd2aa770c,Federico589 Kuhic920,M,GENERAL PRACTICE,55 LAKE AVENUE NORTH,WORCESTER,MA,016550002,42.2774799,-71.76166994969458,29,0
769d6879-3180-3191-9d1a-c0e4333a97da,1853aeef-5897-326a-80d6-aa4b0459eb6d,Jewel43 Kassulke119,M,GENERAL PRACTICE,381 WICKENDEN ST,ATTLEBORO,MA,027032247,41.9438129,-71.2806515,25,0
1107d56b-9a06-3353-bdfe-84d797c89066,4b7e26e6-e5b1-38c9-b4ac-fde9a0f93177,Maggie320 Eichmann909,F,GENERAL PRACTICE,38 BROAD STREET,QUINCY,MA,021694604,42.2560352,-70.99469254391217,1,0
46f3ef7f-b2cc-3298-8690-c00c298cbbe7,94dda4e1-7476-367a-b1f8-37ea7f61a1b7,Chanell45 Robel940,F,GENERAL PRACTICE,145 WARD HILL AVENUE,WESTBOROUGH,MA,015811017,42.2694308,-71.6129907,57,0
bd89b3ed-cc7c-306c-aebb-2954a352bdec,7f32dd7d-5c35-3ddb-839b-8fbbb930d412,Luna60 Littel644,F,GENERAL PRACTICE,863 CENTRAL STREET,FRAMINGHAM,MA,017014813,42.30758060362541,-71.42846215724606,18,0
6d26770b-5270-3a80-a76e-bffdd3341a96,65bd3883-56ee-3eea-8e86-b7e677a30727,Dan465 Block661,M,GENERAL PRACTICE,150 FLANDERS RD,WESTBOROUGH,MA,015811017,42.2770724,-71.5679154706427,1,0
1f6e08ca-9371-3bf0-8f48-aa577d846810,80646050-1c76-3046-bbc8-fd5f0b7c34e6,Mayola305 Hauck852,F,GENERAL PRACTICE,140 ARNHOW FARM ROAD,FITCHBURG,MA,014201369,42.5903661,-71.8119837,59,0
445132b0-31f1-307e-ae87-1f786e356c06,0be0e035-8dad-387e-bbdd-a5a469c4311f,Tyler508 Howe413,M,GENERAL PRACTICE,480 MAPLE ST,DANVERS,MA,019234065,42.584178050000006,-70.97197467750539,30,0
0ea8c6cc-35bc-3ce1-913c-65dba03eb78a,3f12ebb4-e03c-3453-88d2-4fc9682383df,Erwin847 Stiedemann542,M,GENERAL PRACTICE,726 COUNTY ST,NORTH DARTMOUTH,MA,027473603,41.6389926,-70.9703171,158,0
af5ca8e4-4c48-3869-88b5-d85124aa4301,a9fc7aa5-d3b3-314d-9cf7-af29051d3dd9,Olevia458 Hermiston71,F,GENERAL PRACTICE,1193 SEA STREET,TAUNTON,MA,027803960,41.8946107,-71.11113,18,0
c80bc8e5-dd84-3ee0-a2f8-2f72c4dc3d0e,8ec2ca51-abb4-35dd-b90f-6c6aad6d2124,Rosario163 Galindo802,F,GENERAL PRACTICE,22 JOHNSON STREET,PEABODY,MA,019602311,42.54644385,-70.99288129112277,7,0
1ec5ecc7-04fc-37b0-8c40-89131f0c9c36,8af3b144-0e1a-3c90-937d-81a4ed026080,Latasha666 Fay398,F,GENERAL PRACTICE,800 WASHINGTON STREET,NORWOOD,MA,020623489,42.1886973,-71.2005241,113,0
20a54288-7c06-3a6f-bed1-90696031f2e7,9fdce5d5-d4d0-3156-a8d5-8757bfe4e9b3,Pamelia915 Kilback373,F,GENERAL PRACTICE,1 FARMER CIR,ARLINGTON,MA,024742866,42.42405225,-71.16792616556859,43,0
4c86d2af-78df-3dc4-8afd-d914fca6ade0,125eccb3-d003-34ea-9bd8-360dff059782,Mickey576 Gerlach374,M,GENERAL PRACTICE,125 PARKER HILL AVENUE,DEDHAM,MA,020266146,42.2489143,-71.1755732,137,0
e7322ded-d2ac-382d-8732-5bd23e9fa642,e5b9db6a-8dd8-3622-b9ce-3dc593e111d1,Carmelita854 Tromp100,F,GENERAL PRACTICE,1223 BEACON ST STE A,BROOKLINE,MA,024465332,42.3430087,-71.1170155,14,0
c342e576-8080-36d4-8169-ee260ecd9d60,e92dad8b-f485-315a-8fc4-1d7adfdc9c00,Teodoro374 Rosas160,M,GENERAL PRACTICE,581 FAUNCE CORNER RD,DARTMOUTH,MA,027471242,41.676111381167445,-70.98788528176077,249,0
e4ac8a5e-9247-3430-84c7-33525e1b74ad,a1a024f0-95e2-3db4-a771-e2f17c5da162,Shella455 Schmidt332,F,GENERAL PRACTICE,18 NEWTON ST,BROCKTON,MA,023015115,42.0785392,-71.02602473630952,49,0
55af533a-26f0-3ea7-8905-8a4f05c78765,2e73956a-942f-36f3-b88c-f88e782e578f,Elli820 Boyle917,F,GENERAL PRACTICE,790 TURNPIKE STREET  SUITE 202,NORTH ANDOVER,MA,018456138,42.661547049999996,-71.10774565195425,10,0
148fb02d-f6c5-3987-a0e8-0c5e8f59f0f8,eea92149-820f-301f-911e-b170e8312842,Marcy588 Hamill307,F,GENERAL PRACTICE,123 SUMMER STREET,WORCESTER,MA,016102177,42.26496835,-71.79655403681465,159,0
79160529-b2e1-32db-a3b2-d3b4645365c8,19a3afba-b409-3650-a0ab-f3faf6e391ef,Patrina117 Strosin214,F,GENERAL PRACTICE,199 REEDSDALE RD,WALTHAM,MA,024511433,42.3756401,-71.2358004,193,0
967de38d-f1e0-35de-8896-dd2189e79974,76b7dbb5-0a02-32a4-9a01-3511f7e45016,Jerrold404 Satterfield305,M,GENERAL PRACTICE,59 COUNTRY WAY,SCITUATE,MA,020663746,42.1806871,-70.74862935148246,1,0
ef2cef41-57ec-36cf-9c27-57c322686aa5,d9b71ccf-6649-3555-9e99-44eac0af257f,Javier97 Collier206,M,GENERAL PRACTICE,655 DEDHAM ST,WRENTHAM,MA,020931135,42.084901,-71.30689224201797,4,0
5f910a71-8eff-383b-82eb-251654b06463,e68de1a0-767e-3466-b9a6-43948ee073d3,Gene733 Ratke343,M,GENERAL PRACTICE,160 WELLS AVENUE,NEWTON,MA,024593302,42.29337605,-71.19806353028767,2,0
a13cb98f-c6e3-3630-b69f-8e42f1b482bf,f002fb4c-544a-3139-b3f1-439864d5474a,Merlin721 Cruickshank494,M,GENERAL PRACTICE,266 LINCOLN AVE,SAUGUS,MA,019063037,42.44952884999999,-70.99452689295308,1,0
dae4ac75-898e-327a-86c4-831094f6b4b8,1cec4304-9757-3a10-ad4f-7e2090c56131,Eugene421 Rohan584,F,GENERAL PRACTICE,55 LAKE AVE N,WORCESTER,MA,016550002,42.2774799,-71.76166994969458,388,0
b5b7a714-afff-33e9-8b07-087bef88d63a,5862e05c-9533-3f7a-8f73-215d50f5ee2f,Estell607 Barton704,F,GENERAL PRACTICE,1200 CENTRE ST,ROSLINDALE,MA,021311000,42.29768,-71.130463,19,0
508cde80-2a57-3580-8db3-34e87a9ca615,ec7e487e-7e78-3eac-a9ee-37f8de98a0f9,Sid118 Hammes673,M,GENERAL PRACTICE,277 WASHINGTON STREET,ABINGTON,MA,023512489,42.10060947239023,-70.94967338146704,2,0
ff3ed9dc-842c-3410-bda0-c0d0431ef187,411f14a5-de79-3e08-81d6-301270cc2275,Manuela585 Gallegos952,F,GENERAL PRACTICE,64 CONCORD STREET,WILMINGTON,MA,018872179,42.55962465,-71.13772203658047,74,0
ca3fcbd0-c678-3f21-9564-cf1f10c3343c,a5577e5c-b886-37a0-8eee-8ff6feb7ea6b,Synthia172 Keebler762,F,GENERAL PRACTICE,330 MOUNT AUBURN ST,CAMBRIDGE,MA,021385502,42.3741033,-71.13417575971958,94,0
c87c641b-e687-34cc-86fd-07e89952a138,5581e43d-0463-3a0b-afc7-a60aea5ac96c,Brock407 VonRueden376,M,GENERAL PRACTICE,57 RIVER RD,ANDOVER,MA,018101144,42.69112645,-71.19636086287642,76,0
e54056c5-1ba2-3ed6-a7c7-9b05baa85d1c,7dcab1ad-0e13-3700-9eb0-70767c5e2b55,German382 Wilkinson796,M,GENERAL PRACTICE,1515 ALLEN ST,SPRINGFIELD,MA,011181803,42.095299499999996,-72.50943136142334,3,0
ccbc307c-3d82-3d36-93fd-71138546e044,6ea4d3d6-d820-387a-a3d1-ed5944ad47a2,Fabian647 Larkin917,M,GENERAL PRACTICE,232 PLEASANT ST,METHUEN,MA,018447152,42.7397562,-71.17113575205717,114,0
e8f84071-1b18-3857-bb2a-e1a5aa633831,e7722de2-0e62-3dc9-a163-a7003956673b,Weldon459 Lockman863,M,GENERAL PRACTICE,1 EDGEWATER DRIVE  SUITE 103,NORWOOD,MA,020624669,42.16153305,-71.20162617190071,94,0
1ed621f8-0e85-3e1a-aa41-b329f2356b34,966245ce-e84d-36b0-a838-2e0b5bb2e668,Pei116 Crooks415,F,GENERAL PRACTICE,1425 BLUE HILL AVENUE,MATTAPAN,MA,021262122,42.2754929,-71.09384131587021,8,0
10c3e4d7-6f20-38bd-a0fa-ade6089a57de,58d6127e-ee48-37c3-9f2d-dcd3c050fb25,Douglass930 Gutmann970,M,GENERAL PRACTICE,73 RUSSELL RD,HUNTINGTON,MA,010509777,42.2244752,-72.8709216,34,0
e30e19db-44ed-35d1-b110-23ce7c051c44,35eba9db-902f-32e6-b302-0e5ef8fa5c68,Isaiah615 Schumm995,M,GENERAL PRACTICE,66 BROAD ST,WESTFIELD,MA,010852927,42.1165587,-72.74727440058362,2,0
0608c6af-774d-3984-8346-0eacc4a6d8cf,4eddfa13-f996-3048-9bbc-541b0a29038a,Annelle169 Schmidt332,F,GENERAL PRACTICE,736 CAMBRIDGE ST,BRIGHTON,MA,021353601,42.348649949999995,-71.14799584850206,18,0
762604a4-522e-372c-8a67-a0b5b57d35c6,845fbd9b-2d1c-39a8-8261-28ae40e4fab2,Sam879 Rippin620,F,GENERAL PRACTICE,14 PROSPECT STREET,UPTON,MA,015681431,42.1700209025178,-71.59409308099494,98,0
091d0c49-a717-3024-9406-09452a061c68,fe7441a8-2020-304d-aeeb-ba83c9ee2e3f,Beverley336 Boyer713,F,GENERAL PRACTICE,35 FRUIT ST,WORCESTER,MA,016092198,42.26702925,-71.81077636812154,1,0
1da2a188-b474-321c-9013-14737e530103,bac9dc0c-cb0f-3fa6-aa12-819dd0fb922a,Floy720 Greenfelder433,F,GENERAL PRACTICE,1493 CAMBRIDGE ST,SOMERVILLE,MA,021452935,42.3875968,-71.0994968,24,0
fe17bf6e-514e-3b18-a1a4-60a666a48c82,9ce6072b-d039-3cde-8eaf-950211b8ae88,Josefina523 Portillo767,F,GENERAL PRACTICE,147 S MAIN ST,MIDDLETON,MA,019492446,42.585787222720036,-71.00861442427218,8,0
8a142a87-71d9-37ac-a6a7-e8f8b67a6643,af8566eb-8918-3ec7-ba44-92b6a2cf8097,Madelaine318 Walker122,F,GENERAL PRACTICE,81 HIGHLAND AVE,SALEM,MA,019702714,42.5112107,-70.90516241826194,182,0
ef203f15-7ade-3232-b8c8-2879f465fbe1,d4a03501-69f6-3a89-ac27-ed25976fdb6f,Virgen207 Hyatt152,F,GENERAL PRACTICE,25 WOODLAND ROAD,STONEHAM,MA,021801705,42.450448800000004,-71.09076944938434,12,0
7cf2b0fa-7aed-3c63-9a03-0823cf4eb77b,eb2596c3-8814-3add-8516-474214bf5c62,Carolina179 Balderas66,F,GENERAL PRACTICE,250 W UNION ST,ASHLAND,MA,017211420,42.24214015,-71.48110671819278,3,0
60eb3e26-65fb-3b8d-a906-a3d010112c42,a036cdf2-bbc5-3ffd-987f-56e437fd8b74,Shayne60 Gutmann970,M,GENERAL PRACTICE,265 N MAIN ST,SOUTH YARMOUTH,MA,026642083,41.680980000000005,-70.18292625685085,2,0
c2e9c537-0458-3100-802e-1cd2dfc5ffb3,4f5e8f16-a31b-3071-8556-d7188ede313d,Kala987 Wolf938,F,GENERAL PRACTICE,575 BEECH ST,HOLYOKE,MA,010402223,42.20105435,-72.628169560868,117,0
4cdfbeac-a694-36f3-879d-8f1f3dc48bb6,9a20d707-68e4-32c0-b2b2-2f5d5c2012cd,Gerard367 Pouros728,M,GENERAL PRACTICE,131 CAMBRIDGE ST STE 1,BURLINGTON,MA,018033711,42.50284395,-71.19574553661971,38,0
1cc32eb6-a0be-331a-b89d-3bf553bf0ba3,a25107f7-f4f5-36fc-98e4-f3e1b5875c91,Rubén780 Garay400,M,GENERAL PRACTICE,1285 BEACON ST,WOBURN,MA,018012157,42.4979478,-71.1684508,407,0
f98aa3a5-c658-398d-9cd1-72b6457283d1,0e6c3ad1-24c1-34cb-bb6d-e8438fa319e2,Eufemia350 Casper496,F,GENERAL PRACTICE,50 DODGE ST,SWAMPSCOTT,MA,019071300,42.4699241,-70.9171507,3,0
4c93ac52-b819-36b5-8cee-c582627bd664,4f9dd195-07b8-3a81-8b7a-58852a0e6cdf,Aaron697 Goyette777,M,GENERAL PRACTICE,47 E MAIN ST,WEST BROOKFIELD,MA,015852906,42.2355113,-72.1381676,2,0
5bbbc399-1ebb-35ef-8fad-246dd6960f20,43ee6bb5-8efa-3bfc-8ca8-1579a5267753,Shawanna357 Roob72,F,GENERAL PRACTICE,235 N PEARL ST,BROCKTON,MA,023011794,42.09805395,-71.0609587194362,119,0
eafeef73-71a9-3fca-94de-e49da988a833,bdd9ad72-443a-3563-a626-4c45f6d058b2,Zachary28 Bogan287,M,GENERAL PRACTICE,147 PELHAM STREET,WORCESTER,MA,016072105,42.265209,-71.814005,9,0
57c89eae-068c-3635-af06-2578fec4cfdd,05fcf001-ab24-3d7d-85f7-f64942d82738,Nickolas58 Schumm995,M,GENERAL PRACTICE,250 POND STREET,FRAMINGHAM,MA,017014592,42.2838619,-71.4093719,102,0
34c9f789-b405-3e00-90ea-379a12f9ab53,8789c07e-d15d-378d-ba2b-d2b49ebb6db4,Ollie731 Bosco882,F,GENERAL PRACTICE,800 WASHINGTON ST,WOBURN,MA,018011976,42.4946907,-71.1242899,40,0
36a2f787-c1cb-37b6-931a-723b25f45b30,05cd3fbb-08ce-38bf-b680-721a3e902d43,Lita714 White193,F,GENERAL PRACTICE,9 WARREN CT,SALEM,MA,019703163,42.51586993877551,-70.90514912244899,42,0
1b2bd5a4-799b-3745-ba21-8d08040caec6,0e3a24c3-b772-3059-b3fd-8a4710068a82,Malka46 Gerhold939,F,GENERAL PRACTICE,416 BROADWAY,RAYNHAM,MA,027671737,41.940680799999996,-71.07864352196617,70,0
b24e177f-5467-3195-b718-b12d73386666,7d627533-adbd-320a-9054-db91a2811597,Rachell479 Schroeder447,F,GENERAL PRACTICE,480 JACKSON ST,METHUEN,MA,018444020,42.7327291,-71.16807304424162,1,0
6fcc55d4-8560-39aa-b856-c054b2fc9a4c,e5d50afe-8c7d-35f5-96f5-fb8941403b0f,Amparo58 Hayes766,F,GENERAL PRACTICE,125 S CLARK ST STE 900,FALL RIVER,MA,02722,41.74223,-71.129706,134,0
d9ccf015-0a62-31b1-824d-518623d22fe1,48a07866-e8d7-3268-aa3c-ca3237c8e6f3,Devona405 Stamm704,F,GENERAL PRACTICE,188 PROVIDENCE ST,HYDE PARK,MA,021361861,42.2682551,-71.12174592925336,40,0
45161d86-45cf-3469-922d-cb5920b737ed,89171335-b9c0-3326-98d6-a837d432b9fd,Marcela739 Alonzo487,F,GENERAL PRACTICE,150 FLANDERS ROAD,LYNN,MA,019042915,42.466763,-70.9494939,874,0
130ba7eb-6547-3970-8eec-7a78d3413c6e,01bde980-bf89-3138-8912-7360dff33247,Caroline183 Lang846,F,GENERAL PRACTICE,456 PARK AVE,WORCESTER,MA,016101254,42.25512735,-71.82580924803523,1,0
17a88045-31f3-39d1-a074-a56048934332,217cb6f6-e822-3831-9d9d-ffa104971042,Cira533 Jakubowski832,F,GENERAL PRACTICE,2 REHABILITATION WAY,WOBURN,MA,018016003,42.46352265,-71.161925472006,86,0
fb4370ec-14be-3eaf-bf74-5fa2afd1d9a9,71f4c23f-7559-31ff-8f42-a672e80b85a2,Clayton230 Jast432,M,GENERAL PRACTICE,300 FIRST AVENUE,WESTBOROUGH,MA,015812831,42.2694308,-71.6129907,24,0
870e3d0d-318d-3c6d-aefd-404fa91decf0,3517aff1-b163-3cd5-8fff-19710fcdc1b7,Ladawn167 Cremin516,F,GENERAL PRACTICE,400 HEMENWAY STREET,MARLBOROUGH,MA,017526762,42.36006255767826,-71.5077613040944,7,0
761a4e6b-0a0b-3995-9b4f-4269dac7d8e3,18d2c9c2-4b92-3664-9b8e-419aff3ce942,Aleshia311 Block661,F,GENERAL PRACTICE,175 GROVE STREET,BRAINTREE,MA,021847253,42.19127375,-70.99279579751581,51,0
72603bb5-8dd5-3cbd-892b-ab89693b86a4,121b0ad1-1beb-3caa-9271-3d3f726bb727,Cortez851 Price929,M,GENERAL PRACTICE,1030 MAIN STREET,WALTHAM,MA,024517447,42.375828,-71.2527956,21,0
39ff2f70-c1d7-3f37-9bb1-e4f27a050e7f,43f37d29-0bcb-3d84-b9c0-9ee4f2485ff2,Maria750 Romaguera67,F,GENERAL PRACTICE,168 WALTON RD UNIT 19,ROWLEY,MA,019692014,42.7136977,-70.8818364,29,0
2db4e373-2d1e-3a14-b1ee-21d173480f04,883f57b8-89c6-3dc4-b6da-047705c88623,Blanche121 Bailey598,F,GENERAL PRACTICE,363 HIGHLAND AVE,FALL RIVER,MA,027203703,41.7093779,-71.1460783680883,41,0
001b6f97-b164-375e-a3c0-0b665264d264,0a2252ba-33de-322f-8f0a-e5b0141f1780,Olivia294 Barraza113,F,GENERAL PRACTICE,632 BLUE  HILL AVENUE,DORCHESTER,MA,021213213,42.2941088,-71.0885355,7,0
81d6e336-88b3-395f-98f5-ce386213f964,11a40a26-a5a3-331d-aef0-d06dd90e2b4e,Jacinta658 Wintheiser220,F,GENERAL PRACTICE,10 OSTERVILLE WEST BARNSTABLE RD,YARMOUTH PORT,MA,026752000,41.7020544,-70.249465,20,0
2522ca10-58ff-327b-837e-7bd7b148ac3a,76baa51d-0d0f-359d-a07b-7b999a43d42e,Lincoln623 Gibson10,M,GENERAL PRACTICE,101 STATION DR STE 240,WESTWOOD,MA,020902336,42.20728361922244,-71.15698168263435,13,0
b8d7624e-6f78-374e-826f-60543a78c7a9,02d7b144-352f-3eac-97db-6fc4a95bf1fa,Dante562 Reinger292,M,GENERAL PRACTICE,120 SEMINARY AVENUE,AUBURNDALE,MA,024662650,42.34002614299451,-71.24911543639162,7,0
4a72a184-0afe-3988-865b-4fa9c5ef204d,53f086de-2fc7-3d35-92c2-aca4ed944e7f,Chang901 Kutch271,M,GENERAL PRACTICE,1 GENERAL ST,LAWRENCE,MA,018412961,42.7097143,-71.15007700778098,130,0
15a83b09-54b7-3e61-bc4d-d68dbc673687,20f63278-6709-3195-b767-782d2a10bd5c,Jamie386 Krajcik437,M,GENERAL PRACTICE,640 CONCORD AVENUE,CAMBRIDGE,MA,021381116,42.389222000000004,-71.14799280677965,4,0
53ef3cb2-6527-3f0c-a208-79aa82bdd0e0,c05d73d0-b348-32ce-9fe5-13a720950f37,Abraham100 McDermott739,M,GENERAL PRACTICE,45 DRUM HILL RD,CHELMSFORD,MA,018241503,42.6255635,-71.3615131,13,0
f3cb9261-b3dc-36b1-a8dd-359c8a41ec43,ac0fde88-b0ad-3388-a4a8-b8fc2a4f4af2,Bobbye345 Wuckert783,F,GENERAL PRACTICE,150 YORK STREET,STOUGHTON,MA,020729105,42.144646800000004,-71.09875876961266,3,0
bf1177a4-cb1e-3372-af5f-8625a7bc4926,d70d47dc-b40c-3a04-8342-35cbfe716409,Marcelino726 Hilpert278,M,GENERAL PRACTICE,83 LITTLEFIELD RD,NEWTON,MA,024593010,42.3104327,-71.18883283411856,85,0
a5da53f2-d78e-30cd-af9e-d345a9fb1dbb,047f6113-bd42-353b-8368-cf2352868915,Neal874 Schimmel440,M,GENERAL PRACTICE,62 WALNUT ST FL 2ND,WELLESLEY,MA,024812109,42.2964859,-71.2925571,53,0
2c57bba2-b5e7-3c13-b86e-a3db769cacf5,0592d4e5-a0fb-3143-83cd-8e5a6b066a96,Anderson154 Lemke654,M,GENERAL PRACTICE,20 EAST ST,HANOVER,MA,023391638,42.1278249,-70.82664947485381,7,0
8d85e1d2-277f-34b0-8f89-4d62b5b719bd,c67ca7ed-4769-3b6c-a0a9-993f1227ff10,Allen322 Veum823,M,GENERAL PRACTICE,1 BLACKBURN DR,GLOUCESTER,MA,019302237,42.6269312,-70.65555242413386,38,0
c79abdfb-38d7-3103-ae8d-380a8d202053,ba07b31b-bf14-39b8-be95-4c5ca5062daa,Kim439 Hyatt152,M,GENERAL PRACTICE,1575 CAMBRIDGE ST,CAMBRIDGE,MA,021384308,42.375209549999994,-71.10711344152975,86,0
0f264d48-af9b-3969-a8b7-54d41bca0c5a,6aae7a31-90df-3455-ad8d-81f8cf2d21e8,Damaris45 Funk324,F,GENERAL PRACTICE,680 CENTRE ST,BROCKTON,MA,023023308,42.0872752,-70.9910738855076,26,0
